<output_dir>
Output/ellipsoid/shape_models//128/
</output_dir>

<number_of_particles>
128
</number_of_particles>

<use_normals>
1
</use_normals>

<attribute_scales>
 1.0 
 1.0 
 1.0 
 15.0
 15.0
 15.0
</attribute_scales>

<checkpointing_interval>
200
</checkpointing_interval>

<keep_checkpoints>
0
</keep_checkpoints>

<iterations_per_split>
2000
</iterations_per_split>

<optimization_iterations>
1000
</optimization_iterations>

<starting_regularization>
100
</starting_regularization>

<ending_regularization>
10
</ending_regularization>

<recompute_regularization_interval>
2
</recompute_regularization_interval>

<domains_per_shape>
1
</domains_per_shape>

<domain_type>
image
</domain_type>

<relative_weighting>
15
</relative_weighting>

<initial_relative_weighting>
0.05
</initial_relative_weighting>

<procrustes_interval>
0
</procrustes_interval>

<procrustes_scaling>
0
</procrustes_scaling>

<save_init_splits>
0
</save_init_splits>

<mesh_based_attributes>
1
</mesh_based_attributes>

<use_shape_statistics_after>
32
</use_shape_statistics_after>

<verbosity>
2
</verbosity>

<use_xyz>
1
</use_xyz>

<inputs>
Output/ellipsoid/groomed/distance_transforms/ellipsoid_00.isores.center.com.aligned.cropped.tpSmoothDT.nrrd
Output/ellipsoid/groomed/distance_transforms/ellipsoid_01.isores.center.com.aligned.cropped.tpSmoothDT.nrrd
Output/ellipsoid/groomed/distance_transforms/ellipsoid_02.isores.center.com.aligned.cropped.tpSmoothDT.nrrd
Output/ellipsoid/groomed/distance_transforms/ellipsoid_03.isores.center.com.aligned.cropped.tpSmoothDT.nrrd
Output/ellipsoid/groomed/distance_transforms/ellipsoid_04.isores.center.com.aligned.cropped.tpSmoothDT.nrrd
Output/ellipsoid/groomed/distance_transforms/ellipsoid_05.isores.center.com.aligned.cropped.tpSmoothDT.nrrd
Output/ellipsoid/groomed/distance_transforms/ellipsoid_06.isores.center.com.aligned.cropped.tpSmoothDT.nrrd
Output/ellipsoid/groomed/distance_transforms/ellipsoid_07.isores.center.com.aligned.cropped.tpSmoothDT.nrrd
Output/ellipsoid/groomed/distance_transforms/ellipsoid_08.isores.center.com.aligned.cropped.tpSmoothDT.nrrd
Output/ellipsoid/groomed/distance_transforms/ellipsoid_09.isores.center.com.aligned.cropped.tpSmoothDT.nrrd
Output/ellipsoid/groomed/distance_transforms/ellipsoid_10.isores.center.com.aligned.cropped.tpSmoothDT.nrrd
Output/ellipsoid/groomed/distance_transforms/ellipsoid_11.isores.center.com.aligned.cropped.tpSmoothDT.nrrd
Output/ellipsoid/groomed/distance_transforms/ellipsoid_12.isores.center.com.aligned.cropped.tpSmoothDT.nrrd
Output/ellipsoid/groomed/distance_transforms/ellipsoid_13.isores.center.com.aligned.cropped.tpSmoothDT.nrrd
Output/ellipsoid/groomed/distance_transforms/ellipsoid_14.isores.center.com.aligned.cropped.tpSmoothDT.nrrd
</inputs>

