<output_dir>
Output/Ellipsoids_fd/shape_models//128/
</output_dir>

<number_of_particles>
128
</number_of_particles>

<use_normals>
0
</use_normals>

<attribute_scales>
 1.0 
 1.0 
 1.0
</attribute_scales>

<checkpointing_interval>
200
</checkpointing_interval>

<keep_checkpoints>
0
</keep_checkpoints>

<iterations_per_split>
100
</iterations_per_split>

<optimization_iterations>
2000
</optimization_iterations>

<starting_regularization>
100
</starting_regularization>

<ending_regularization>
0.1
</ending_regularization>

<recompute_regularization_interval>
2
</recompute_regularization_interval>

<domains_per_shape>
1
</domains_per_shape>

<domain_type>
image
</domain_type>

<relative_weighting>
10
</relative_weighting>

<initial_relative_weighting>
0.01
</initial_relative_weighting>

<procrustes_interval>
0
</procrustes_interval>

<procrustes_scaling>
0
</procrustes_scaling>

<save_init_splits>
0
</save_init_splits>

<debug_projection>
0
</debug_projection>

<mesh_based_attributes>
1
</mesh_based_attributes>

<verbosity>
2
</verbosity>

<use_xyz>
1
</use_xyz>

<use_shape_statistics_in_init>
1.0
</use_shape_statistics_in_init>

<inputs>
Output/Ellipsoids_fd/ellipsoid_fd-v0/distance_transforms/seg.ellipsoid_0.isores.pad.com.aligned.cropped.tpSmoothDT.nrrd
Output/Ellipsoids_fd/ellipsoid_fd-v0/distance_transforms/seg.ellipsoid_1.isores.pad.com.aligned.cropped.tpSmoothDT.nrrd
Output/Ellipsoids_fd/ellipsoid_fd-v0/distance_transforms/seg.ellipsoid_10.isores.pad.com.aligned.cropped.tpSmoothDT.nrrd
Output/Ellipsoids_fd/ellipsoid_fd-v0/distance_transforms/seg.ellipsoid_11.isores.pad.com.aligned.cropped.tpSmoothDT.nrrd
Output/Ellipsoids_fd/ellipsoid_fd-v0/distance_transforms/seg.ellipsoid_12.isores.pad.com.aligned.cropped.tpSmoothDT.nrrd
Output/Ellipsoids_fd/ellipsoid_fd-v0/distance_transforms/seg.ellipsoid_13.isores.pad.com.aligned.cropped.tpSmoothDT.nrrd
Output/Ellipsoids_fd/ellipsoid_fd-v0/distance_transforms/seg.ellipsoid_14.isores.pad.com.aligned.cropped.tpSmoothDT.nrrd
Output/Ellipsoids_fd/ellipsoid_fd-v0/distance_transforms/seg.ellipsoid_15.isores.pad.com.aligned.cropped.tpSmoothDT.nrrd
Output/Ellipsoids_fd/ellipsoid_fd-v0/distance_transforms/seg.ellipsoid_16.isores.pad.com.aligned.cropped.tpSmoothDT.nrrd
Output/Ellipsoids_fd/ellipsoid_fd-v0/distance_transforms/seg.ellipsoid_17.isores.pad.com.aligned.cropped.tpSmoothDT.nrrd
Output/Ellipsoids_fd/ellipsoid_fd-v0/distance_transforms/seg.ellipsoid_18.isores.pad.com.aligned.cropped.tpSmoothDT.nrrd
Output/Ellipsoids_fd/ellipsoid_fd-v0/distance_transforms/seg.ellipsoid_19.isores.pad.com.aligned.cropped.tpSmoothDT.nrrd
Output/Ellipsoids_fd/ellipsoid_fd-v0/distance_transforms/seg.ellipsoid_2.isores.pad.com.aligned.cropped.tpSmoothDT.nrrd
Output/Ellipsoids_fd/groomed/distance_transforms/seg.ellipsoid_20.isores.pad.com.aligned.cropped.tpSmoothDT.nrrd
Output/Ellipsoids_fd/groomed/distance_transforms/seg.ellipsoid_21.isores.pad.com.aligned.cropped.tpSmoothDT.nrrd
</inputs>

<point_files>
Output/Ellipsoids_fd/ellipsoid_fd-v0/shape_models/pretrained/128/seg.ellipsoid_0.isores.pad.com.aligned.cropped.tpSmoothDT_local.particles
Output/Ellipsoids_fd/ellipsoid_fd-v0/shape_models/pretrained/128/seg.ellipsoid_1.isores.pad.com.aligned.cropped.tpSmoothDT_local.particles
Output/Ellipsoids_fd/ellipsoid_fd-v0/shape_models/pretrained/128/seg.ellipsoid_10.isores.pad.com.aligned.cropped.tpSmoothDT_local.particles
Output/Ellipsoids_fd/ellipsoid_fd-v0/shape_models/pretrained/128/seg.ellipsoid_11.isores.pad.com.aligned.cropped.tpSmoothDT_local.particles
Output/Ellipsoids_fd/ellipsoid_fd-v0/shape_models/pretrained/128/seg.ellipsoid_12.isores.pad.com.aligned.cropped.tpSmoothDT_local.particles
Output/Ellipsoids_fd/ellipsoid_fd-v0/shape_models/pretrained/128/seg.ellipsoid_13.isores.pad.com.aligned.cropped.tpSmoothDT_local.particles
Output/Ellipsoids_fd/ellipsoid_fd-v0/shape_models/pretrained/128/seg.ellipsoid_14.isores.pad.com.aligned.cropped.tpSmoothDT_local.particles
Output/Ellipsoids_fd/ellipsoid_fd-v0/shape_models/pretrained/128/seg.ellipsoid_15.isores.pad.com.aligned.cropped.tpSmoothDT_local.particles
Output/Ellipsoids_fd/ellipsoid_fd-v0/shape_models/pretrained/128/seg.ellipsoid_16.isores.pad.com.aligned.cropped.tpSmoothDT_local.particles
Output/Ellipsoids_fd/ellipsoid_fd-v0/shape_models/pretrained/128/seg.ellipsoid_17.isores.pad.com.aligned.cropped.tpSmoothDT_local.particles
Output/Ellipsoids_fd/ellipsoid_fd-v0/shape_models/pretrained/128/seg.ellipsoid_18.isores.pad.com.aligned.cropped.tpSmoothDT_local.particles
Output/Ellipsoids_fd/ellipsoid_fd-v0/shape_models/pretrained/128/seg.ellipsoid_19.isores.pad.com.aligned.cropped.tpSmoothDT_local.particles
Output/Ellipsoids_fd/ellipsoid_fd-v0/shape_models/pretrained/128/seg.ellipsoid_2.isores.pad.com.aligned.cropped.tpSmoothDT_local.particles
Output/Ellipsoids_fd/ellipsoid_fd-v0/shape_models/pretrained/128//meanshape_local.particles
Output/Ellipsoids_fd/ellipsoid_fd-v0/shape_models/pretrained/128//meanshape_local.particles
</point_files>

<fixed_domains>
0
1
2
3
4
5
6
7
8
9
10
11
12
</fixed_domains>

