<output_dir>
Output/Ellipsoids_mesh/shape_models//128/
</output_dir>

<number_of_particles>
128
</number_of_particles>

<use_normals>
0
</use_normals>

<attribute_scales>
 1.0 
 1.0 
 1.0
</attribute_scales>

<checkpointing_interval>
200
</checkpointing_interval>

<keep_checkpoints>
0
</keep_checkpoints>

<iterations_per_split>
500
</iterations_per_split>

<optimization_iterations>
500
</optimization_iterations>

<starting_regularization>
100
</starting_regularization>

<ending_regularization>
0.1
</ending_regularization>

<recompute_regularization_interval>
2
</recompute_regularization_interval>

<domains_per_shape>
1
</domains_per_shape>

<domain_type>
mesh
</domain_type>

<relative_weighting>
10
</relative_weighting>

<initial_relative_weighting>
0.01
</initial_relative_weighting>

<procrustes_interval>
0
</procrustes_interval>

<procrustes_scaling>
0
</procrustes_scaling>

<save_init_splits>
0
</save_init_splits>

<debug_projection>
0
</debug_projection>

<mesh_based_attributes>
1
</mesh_based_attributes>

<use_shape_statistics_after>
32
</use_shape_statistics_after>

<verbosity>
3
</verbosity>

<use_xyz>
1
</use_xyz>

<inputs>
Output/Ellipsoids_mesh/ellipsoid-v0/meshes/ellipsoid_00.ply
Output/Ellipsoids_mesh/ellipsoid-v0/meshes/ellipsoid_01.ply
Output/Ellipsoids_mesh/ellipsoid-v0/meshes/ellipsoid_02.ply
Output/Ellipsoids_mesh/ellipsoid-v0/meshes/ellipsoid_03.ply
Output/Ellipsoids_mesh/ellipsoid-v0/meshes/ellipsoid_04.ply
Output/Ellipsoids_mesh/ellipsoid-v0/meshes/ellipsoid_05.ply
Output/Ellipsoids_mesh/ellipsoid-v0/meshes/ellipsoid_06.ply
Output/Ellipsoids_mesh/ellipsoid-v0/meshes/ellipsoid_07.ply
Output/Ellipsoids_mesh/ellipsoid-v0/meshes/ellipsoid_08.ply
Output/Ellipsoids_mesh/ellipsoid-v0/meshes/ellipsoid_09.ply
Output/Ellipsoids_mesh/ellipsoid-v0/meshes/ellipsoid_10.ply
Output/Ellipsoids_mesh/ellipsoid-v0/meshes/ellipsoid_11.ply
Output/Ellipsoids_mesh/ellipsoid-v0/meshes/ellipsoid_12.ply
Output/Ellipsoids_mesh/ellipsoid-v0/meshes/ellipsoid_13.ply
Output/Ellipsoids_mesh/ellipsoid-v0/meshes/ellipsoid_14.ply
</inputs>

