<?xml version="1.0" ?>

<!-- Preprocessing parameters 2 for Torus example -->

<!-- Value of background pixels in image -->
<background> 0.0 </background> 

<!-- Value of foreground pixels in image -->
<foreground> 1.0 </foreground> 

<!-- Number of anti-aliasing iterations -->
<antialias_iterations> 100 </antialias_iterations> 

<!-- Size of Gaussian blurring kernel for smoothing -->
<blur_sigma> 2.0 </blur_sigma> 

<!-- Pixel value associated with shape surfaces -->
<fastmarching_isovalue> 0.0 </fastmarching_isovalue>  

<icp_iterations>  100 </icp_iterations>

<!-- Name of input files -->
<inputs>                        
mickey_0.6_0.3_0.3_0.nrrd 
mickey_0.6_0.3_0.3_5.nrrd
mickey_0.6_0.3_0.3_10.nrrd
mickey_0.6_0.3_0.3_15.nrrd
mickey_0.6_0.3_0.3_20.nrrd
mickey_0.6_0.3_0.3_25.nrrd
mickey_0.6_0.3_0.3_30.nrrd
</inputs>		

<!-- Name of output files -->
<outputs>                        
mickey_0.6_0.3_0.3_0_DT.nrrd    
mickey_0.6_0.3_0.3_5_DT.nrrd
mickey_0.6_0.3_0.3_10_DT.nrrd
mickey_0.6_0.3_0.3_15_DT.nrrd
mickey_0.6_0.3_0.3_20_DT.nrrd
mickey_0.6_0.3_0.3_25_DT.nrrd
mickey_0.6_0.3_0.3_30_DT.nrrd
</outputs>		
