<?xml version="1.0" ?>

<!-- List of files containing the set of shape surfaces. -->
<inputs>        
mickey_0.6_0.3_0.3_0_DT.nrrd
mickey_0.6_0.3_0.3_5_DT.nrrd
mickey_0.6_0.3_0.3_10_DT.nrrd
mickey_0.6_0.3_0.3_15_DT.nrrd
mickey_0.6_0.3_0.3_20_DT.nrrd
mickey_0.6_0.3_0.3_25_DT.nrrd
mickey_0.6_0.3_0.3_30_DT.nrrd
 </inputs>		
 
<!-- 
OPTIONALLY we could specify a set of point files to initialize the optimization like this: 
<point_files> 
torusDT.00.lpts 
torusDT.01.lpts 
:
.
torusDT.19.lpts
</point_files>
-->

<!-- If point files are not specified, then the application will initialize particles 
     by splitting until each shape has this total number of particles. -->
<number_of_particles> 512 </number_of_particles> 

<!-- Iterations between splitting during initialization phase. -->
<iterations_per_split> 200 </iterations_per_split> 

<!-- Starting regularization for the entropy-based correspondence optimization. -->
<starting_regularization> 10.0 </starting_regularization> 

<!-- Final regularization for the entropy-based correspondence. -->
<ending_regularization> 0.1 </ending_regularization> 

<!-- Number of iterations for the entropy-based correspondence. -->
<optimization_iterations> 200 </optimization_iterations> 

<!-- Number of iterations between checkpoints (iterations at which results are saved) -->
<checkpointing_interval> 20 </checkpointing_interval> 

<!-- Prefix for the output files. -->
<output_points_prefix> mickey_group1 </output_points_prefix> 
