<output_dir>
Output/ellipsoid_fd/shape_models//128/
</output_dir>

<number_of_particles>
128
</number_of_particles>

<use_normals>
0
</use_normals>

<attribute_scales>
 1.0 
 1.0 
 1.0
</attribute_scales>

<checkpointing_interval>
200
</checkpointing_interval>

<keep_checkpoints>
0
</keep_checkpoints>

<iterations_per_split>
100
</iterations_per_split>

<optimization_iterations>
2000
</optimization_iterations>

<starting_regularization>
100
</starting_regularization>

<ending_regularization>
0.1
</ending_regularization>

<recompute_regularization_interval>
2
</recompute_regularization_interval>

<domains_per_shape>
1
</domains_per_shape>

<domain_type>
image
</domain_type>

<relative_weighting>
15
</relative_weighting>

<initial_relative_weighting>
0.05
</initial_relative_weighting>

<procrustes_interval>
0
</procrustes_interval>

<procrustes_scaling>
0
</procrustes_scaling>

<save_init_splits>
0
</save_init_splits>

<mesh_based_attributes>
1
</mesh_based_attributes>

<verbosity>
2
</verbosity>

<use_xyz>
1
</use_xyz>

<use_shape_statistics_in_init>
1.0
</use_shape_statistics_in_init>

<inputs>
Output/ellipsoid_fd/ellipsoid_1mode/groomed/distance_transforms/ellipsoid_00.isores.center.com.aligned.cropped.tpSmoothDT.nrrd
Output/ellipsoid_fd/ellipsoid_1mode/groomed/distance_transforms/ellipsoid_01.isores.center.com.aligned.cropped.tpSmoothDT.nrrd
Output/ellipsoid_fd/ellipsoid_1mode/groomed/distance_transforms/ellipsoid_02.isores.center.com.aligned.cropped.tpSmoothDT.nrrd
Output/ellipsoid_fd/ellipsoid_1mode/groomed/distance_transforms/ellipsoid_03.isores.center.com.aligned.cropped.tpSmoothDT.nrrd
Output/ellipsoid_fd/ellipsoid_1mode/groomed/distance_transforms/ellipsoid_04.isores.center.com.aligned.cropped.tpSmoothDT.nrrd
Output/ellipsoid_fd/ellipsoid_1mode/groomed/distance_transforms/ellipsoid_05.isores.center.com.aligned.cropped.tpSmoothDT.nrrd
Output/ellipsoid_fd/ellipsoid_1mode/groomed/distance_transforms/ellipsoid_06.isores.center.com.aligned.cropped.tpSmoothDT.nrrd
Output/ellipsoid_fd/ellipsoid_1mode/groomed/distance_transforms/ellipsoid_07.isores.center.com.aligned.cropped.tpSmoothDT.nrrd
Output/ellipsoid_fd/ellipsoid_1mode/groomed/distance_transforms/ellipsoid_08.isores.center.com.aligned.cropped.tpSmoothDT.nrrd
Output/ellipsoid_fd/ellipsoid_1mode/groomed/distance_transforms/ellipsoid_09.isores.center.com.aligned.cropped.tpSmoothDT.nrrd
Output/ellipsoid_fd/ellipsoid_1mode/groomed/distance_transforms/ellipsoid_10.isores.center.com.aligned.cropped.tpSmoothDT.nrrd
Output/ellipsoid_fd/ellipsoid_1mode/groomed/distance_transforms/ellipsoid_11.isores.center.com.aligned.cropped.tpSmoothDT.nrrd
Output/ellipsoid_fd/ellipsoid_1mode/groomed/distance_transforms/ellipsoid_12.isores.center.com.aligned.cropped.tpSmoothDT.nrrd
Output/ellipsoid_fd/ellipsoid_1mode/groomed/distance_transforms/ellipsoid_13.isores.center.com.aligned.cropped.tpSmoothDT.nrrd
Output/ellipsoid_fd/ellipsoid_1mode/groomed/distance_transforms/ellipsoid_14.isores.center.com.aligned.cropped.tpSmoothDT.nrrd
Output/ellipsoid_fd/groomed/distance_transforms/ellipsoid_15.isores.center.com.aligned.cropped.tpSmoothDT.nrrd
Output/ellipsoid_fd/groomed/distance_transforms/ellipsoid_16.isores.center.com.aligned.cropped.tpSmoothDT.nrrd
Output/ellipsoid_fd/groomed/distance_transforms/ellipsoid_17.isores.center.com.aligned.cropped.tpSmoothDT.nrrd
Output/ellipsoid_fd/groomed/distance_transforms/ellipsoid_18.isores.center.com.aligned.cropped.tpSmoothDT.nrrd
Output/ellipsoid_fd/groomed/distance_transforms/ellipsoid_19.isores.center.com.aligned.cropped.tpSmoothDT.nrrd
</inputs>

<point_files>
Output/ellipsoid_fd/ellipsoid_1mode/shape_models/ellipsoid/128/ellipsoid_00.isores.center.com.aligned.cropped.tpSmoothDT_local.particles
Output/ellipsoid_fd/ellipsoid_1mode/shape_models/ellipsoid/128/ellipsoid_01.isores.center.com.aligned.cropped.tpSmoothDT_local.particles
Output/ellipsoid_fd/ellipsoid_1mode/shape_models/ellipsoid/128/ellipsoid_02.isores.center.com.aligned.cropped.tpSmoothDT_local.particles
Output/ellipsoid_fd/ellipsoid_1mode/shape_models/ellipsoid/128/ellipsoid_03.isores.center.com.aligned.cropped.tpSmoothDT_local.particles
Output/ellipsoid_fd/ellipsoid_1mode/shape_models/ellipsoid/128/ellipsoid_04.isores.center.com.aligned.cropped.tpSmoothDT_local.particles
Output/ellipsoid_fd/ellipsoid_1mode/shape_models/ellipsoid/128/ellipsoid_05.isores.center.com.aligned.cropped.tpSmoothDT_local.particles
Output/ellipsoid_fd/ellipsoid_1mode/shape_models/ellipsoid/128/ellipsoid_06.isores.center.com.aligned.cropped.tpSmoothDT_local.particles
Output/ellipsoid_fd/ellipsoid_1mode/shape_models/ellipsoid/128/ellipsoid_07.isores.center.com.aligned.cropped.tpSmoothDT_local.particles
Output/ellipsoid_fd/ellipsoid_1mode/shape_models/ellipsoid/128/ellipsoid_08.isores.center.com.aligned.cropped.tpSmoothDT_local.particles
Output/ellipsoid_fd/ellipsoid_1mode/shape_models/ellipsoid/128/ellipsoid_09.isores.center.com.aligned.cropped.tpSmoothDT_local.particles
Output/ellipsoid_fd/ellipsoid_1mode/shape_models/ellipsoid/128/ellipsoid_10.isores.center.com.aligned.cropped.tpSmoothDT_local.particles
Output/ellipsoid_fd/ellipsoid_1mode/shape_models/ellipsoid/128/ellipsoid_11.isores.center.com.aligned.cropped.tpSmoothDT_local.particles
Output/ellipsoid_fd/ellipsoid_1mode/shape_models/ellipsoid/128/ellipsoid_12.isores.center.com.aligned.cropped.tpSmoothDT_local.particles
Output/ellipsoid_fd/ellipsoid_1mode/shape_models/ellipsoid/128/ellipsoid_13.isores.center.com.aligned.cropped.tpSmoothDT_local.particles
Output/ellipsoid_fd/ellipsoid_1mode/shape_models/ellipsoid/128/ellipsoid_14.isores.center.com.aligned.cropped.tpSmoothDT_local.particles
Output/ellipsoid_fd/ellipsoid_1mode/shape_models/ellipsoid/128//meanshape_local.particles
Output/ellipsoid_fd/ellipsoid_1mode/shape_models/ellipsoid/128//meanshape_local.particles
Output/ellipsoid_fd/ellipsoid_1mode/shape_models/ellipsoid/128//meanshape_local.particles
Output/ellipsoid_fd/ellipsoid_1mode/shape_models/ellipsoid/128//meanshape_local.particles
Output/ellipsoid_fd/ellipsoid_1mode/shape_models/ellipsoid/128//meanshape_local.particles
</point_files>

<fixed_domains>
0
1
2
3
4
5
6
7
8
9
10
11
12
13
14
</fixed_domains>

