<?xml version="1.0" ?>

<inputs>        
torusDT.00.mha  <!-- List of files containing -->
torusDT.01.mha  <!-- the set of shape surfaces. -->
torusDT.02.mha
torusDT.03.mha
torusDT.04.mha
torusDT.05.mha
torusDT.06.mha
torusDT.07.mha
torusDT.08.mha
torusDT.09.mha
torusDT.10.mha
torusDT.11.mha
torusDT.12.mha
torusDT.13.mha
torusDT.14.mha
torusDT.15.mha
torusDT.16.mha
torusDT.17.mha
torusDT.18.mha
torusDT.19.mha
 </inputs>

<!-- 
OPTIONALLY we could specify a set of point files to initialize
the optimization like this: 
<point_files> torusDT.00.lpts torusDT.01.lpts ... torusDT.19.lpts </point_files>
-->

<number_of_particles> 256 </number_of_particles> <!-- If point files are not specified, then
                                                      the application will initialize particles
                                                      by splitting until each shape has this 
                                                      total number of particles. -->

<iterations_per_split> 200 </iterations_per_split> <!-- Iterations between splitting during
                                                        initialization phase. -->

<starting_regularization> 10.0 </starting_regularization> <!-- Starting regularization for the
                                                               entropy-based correspondence
                                                               optimization. -->

<ending_regularization> 0.1 </ending_regularization> <!-- Final regularization for the entropy-
                                                          based correspondence. -->

<optimization_iterations> 200 </optimization_iterations> <!-- Number of iterations for the entropy-
                                                              based correspondence. -->

<checkpointing_interval> 20 </checkpointing_interval> <!-- Number of iterations between checkpoints
                                                          (iterations at which results are saved) -->

<output_points_prefix> torus </output_points_prefix> <!-- Prefix for the output files. -->
