<?xml version="1.0" ?>

<!-- Preprocessing parameters 1 for Torus example -->

<!-- Value of background pixels in the image -->
<background> 0.0 </background>

 <!-- Value of foreground pixels in the image -->
<foreground> 1.0 </foreground> 

<!-- Number of background pixels to pad the edges of the cropped volume -->
<pad> 10 </pad> 

<!-- filename to store transforms generated during preprocessing -->        
<transform_file> torus.translations </transform_file> 

                              
<!-- Output progress information -->
<verbose> 1 </verbose>      

<!-- Set of input files to process -->
<inputs>          
torus.00.mha
torus.01.mha
torus.02.mha
torus.03.mha
torus.04.mha
torus.05.mha
torus.06.mha
torus.07.mha
torus.08.mha
torus.09.mha
torus.10.mha
torus.11.mha
torus.12.mha
torus.13.mha
torus.14.mha
torus.15.mha
torus.16.mha
torus.17.mha
torus.18.mha
torus.19.mha
</inputs>		

<!-- Output filenames to use -->
<outputs>           
torusDT.00.mha
torusDT.01.mha
torusDT.02.mha
torusDT.03.mha
torusDT.04.mha
torusDT.05.mha
torusDT.06.mha
torusDT.07.mha
torusDT.08.mha
torusDT.09.mha
torusDT.10.mha
torusDT.11.mha
torusDT.12.mha
torusDT.13.mha
torusDT.14.mha
torusDT.15.mha
torusDT.16.mha
torusDT.17.mha
torusDT.18.mha
torusDT.19.mha
</outputs>		
