<?xml version="1.0" ?>

<!-- Preprocessing parameters 2 for Torus example -->

<!-- Value of background pixels in image -->
<background> 0.0 </background> 

<!-- Value of foreground pixels in image -->
<foreground> 1.0 </foreground> 

<!-- Number of anti-aliasing iterations -->
<antialias_iterations> 20 </antialias_iterations> 

<!-- Size of Gaussian blurring kernel for smoothing -->
<blur_sigma> 2.0 </blur_sigma> 

<!-- Pixel value associated with shape surfaces -->
<fastmarching_isovalue> 0.0 </fastmarching_isovalue>  

<!-- Name of input files -->
<inputs>                        
torusDT.00.mha
torusDT.01.mha
torusDT.02.mha
torusDT.03.mha
torusDT.04.mha
torusDT.05.mha
torusDT.06.mha
torusDT.07.mha
torusDT.08.mha
torusDT.09.mha
torusDT.10.mha
torusDT.11.mha
torusDT.12.mha
torusDT.13.mha
torusDT.14.mha
torusDT.15.mha
torusDT.16.mha
torusDT.17.mha
torusDT.18.mha
torusDT.19.mha
</inputs>		

<!-- Name of output files -->
<outputs>                        
torusDT.00.mha
torusDT.01.mha
torusDT.02.mha
torusDT.03.mha
torusDT.04.mha
torusDT.05.mha
torusDT.06.mha
torusDT.07.mha
torusDT.08.mha
torusDT.09.mha
torusDT.10.mha
torusDT.11.mha
torusDT.12.mha
torusDT.13.mha
torusDT.14.mha
torusDT.15.mha
torusDT.16.mha
torusDT.17.mha
torusDT.18.mha
torusDT.19.mha
</outputs>		
