<?xml version="1.0" ?>

<!-- Preprocessing parameters 2 for Torus example -->

<background> 0.0 </background> <!-- Value of background pixels in image -->
<foreground> 1.0 </foreground> <!-- Value of foreground pixels in image -->
<antialias_iterations> 20 </antialias_iterations> <!-- Number of anti-aliasing iterations -->
<blur_sigma> 2.0 </blur_sigma> <!-- Size of Gaussian blurring kernel for smoothing -->
<fastmarching_isovalue> 0.0 </fastmarching_isovalue>  <!-- Pixel value associated with shape surfaces -->

<inputs>                        
torusDT.00.mha
torusDT.01.mha
torusDT.02.mha
torusDT.03.mha
torusDT.04.mha
torusDT.05.mha
torusDT.06.mha
torusDT.07.mha
torusDT.08.mha
torusDT.09.mha
torusDT.10.mha
torusDT.11.mha
torusDT.12.mha
torusDT.13.mha
torusDT.14.mha
torusDT.15.mha
torusDT.16.mha
torusDT.17.mha
torusDT.18.mha
torusDT.19.mha
</inputs>		<!-- Name of input files -->

<outputs>                        
torusDT.00.mha
torusDT.01.mha
torusDT.02.mha
torusDT.03.mha
torusDT.04.mha
torusDT.05.mha
torusDT.06.mha
torusDT.07.mha
torusDT.08.mha
torusDT.09.mha
torusDT.10.mha
torusDT.11.mha
torusDT.12.mha
torusDT.13.mha
torusDT.14.mha
torusDT.15.mha
torusDT.16.mha
torusDT.17.mha
torusDT.18.mha
torusDT.19.mha
</outputs>		<!-- Name of output files -->
