<output_dir>
./TestEllipsoids/shape_models//128/
</output_dir>

<number_of_particles>
128
</number_of_particles>

<use_normals>
1
</use_normals>

<attribute_scales>
 1.0 
 1.0 
 1.0 
 10.0
 10.0
 10.0
</attribute_scales>

<checkpointing_interval>
200
</checkpointing_interval>

<keep_checkpoints>
0
</keep_checkpoints>

<iterations_per_split>
2000
</iterations_per_split>

<optimization_iterations>
1000
</optimization_iterations>

<starting_regularization>
100
</starting_regularization>

<ending_regularization>
10
</ending_regularization>

<recompute_regularization_interval>
2
</recompute_regularization_interval>

<domains_per_shape>
1
</domains_per_shape>

<domain_type>
image
</domain_type>

<relative_weighting>
10
</relative_weighting>

<initial_relative_weighting>
0.01
</initial_relative_weighting>

<procrustes_interval>
0
</procrustes_interval>

<procrustes_scaling>
0
</procrustes_scaling>

<save_init_splits>
0
</save_init_splits>

<debug_projection>
0
</debug_projection>

<mesh_based_attributes>
1
</mesh_based_attributes>

<use_shape_statistics_after>
32
</use_shape_statistics_after>

<verbosity>
2
</verbosity>

<use_xyz>
1
</use_xyz>

<inputs>
TestEllipsoids/groomed/distance_transforms/seg.ellipsoid_00.isores.center.pad.com.aligned.cropped.tpSmoothDT.nrrd
TestEllipsoids/groomed/distance_transforms/seg.ellipsoid_01.isores.center.pad.com.aligned.cropped.tpSmoothDT.nrrd
TestEllipsoids/groomed/distance_transforms/seg.ellipsoid_02.isores.center.pad.com.aligned.cropped.tpSmoothDT.nrrd
TestEllipsoids/groomed/distance_transforms/seg.ellipsoid_03.isores.center.pad.com.aligned.cropped.tpSmoothDT.nrrd
TestEllipsoids/groomed/distance_transforms/seg.ellipsoid_04.isores.center.pad.com.aligned.cropped.tpSmoothDT.nrrd
TestEllipsoids/groomed/distance_transforms/seg.ellipsoid_05.isores.center.pad.com.aligned.cropped.tpSmoothDT.nrrd
TestEllipsoids/groomed/distance_transforms/seg.ellipsoid_06.isores.center.pad.com.aligned.cropped.tpSmoothDT.nrrd
TestEllipsoids/groomed/distance_transforms/seg.ellipsoid_07.isores.center.pad.com.aligned.cropped.tpSmoothDT.nrrd
TestEllipsoids/groomed/distance_transforms/seg.ellipsoid_08.isores.center.pad.com.aligned.cropped.tpSmoothDT.nrrd
TestEllipsoids/groomed/distance_transforms/seg.ellipsoid_09.isores.center.pad.com.aligned.cropped.tpSmoothDT.nrrd
TestEllipsoids/groomed/distance_transforms/seg.ellipsoid_10.isores.center.pad.com.aligned.cropped.tpSmoothDT.nrrd
TestEllipsoids/groomed/distance_transforms/seg.ellipsoid_11.isores.center.pad.com.aligned.cropped.tpSmoothDT.nrrd
TestEllipsoids/groomed/distance_transforms/seg.ellipsoid_12.isores.center.pad.com.aligned.cropped.tpSmoothDT.nrrd
TestEllipsoids/groomed/distance_transforms/seg.ellipsoid_13.isores.center.pad.com.aligned.cropped.tpSmoothDT.nrrd
TestEllipsoids/groomed/distance_transforms/seg.ellipsoid_14.isores.center.pad.com.aligned.cropped.tpSmoothDT.nrrd
</inputs>

